"Nombre","Apellido","Puesto","Edad","Salario","E-mail"
"Cara","Stevens","Sales Assistant","46","$145,600","c.stevens@datatables.net"
"Donna","Snider","Customer Support","27","$112,000","d.snider@datatables.net"
"Hermione","Butler","Regional Director","47","$356,250","h.butler@datatables.net"
"Jennifer","Acosta","Junior Javascript Developer","43","$75,650","j.acosta@datatables.net"
"Jonas","Alexander","Developer","30","$86,500","j.alexnder@datatables.net"
"Lael","Greer","Systems Administrator","21","$103,500","l.greer@datatables.net"
"Michael","Bruce","Javascript Developer","29","$183,000","m.bruce@datatables.net"
"Shad","Decker","Regional Director","51","$183,000","s.decker@datatables.net"
"Zenaida","Frank","Software Engineer","63","$125,250","z.frank@datatables.net"
"Zorita","Serrano","Software Engineer","56","$115,000","z.serrano@datatables.net"